<?xml version="1.0" encoding="UTF-8"?>
<T3locallangExt>
  <data type="array">
    <languageKey index="de" type="array">
      <label index=".alttitle">Import/Export</label>
      <label index=".description">Import/Export-Modul für TYPO3-Daten. Kann einzelne Datensätze, Tabelleninhalte, einzelne Seiten oder ganze Zweige des Seitenbaums exportieren. Berücksichtigt eingebundene Medien wie z.B. Bilder und behält Beziehungen zwischen Datensätzen bei. Exportiert nur TYPO3-spezifisches Format, entweder ein binäres Format (.T3D) oder XML. Das Format ist zum Datenaustausch zwischen TYPO3-Systemen vorgesehen.</label>
      <label index="_.image">EXT:impexp/cshimages/impexp.png</label>
      <label index=".image_descr">Beispiel der Vorschauanzeige während der Exportkonfiguration einer Seite. Man beachte, wie die Datensätze auf der Seite einbezogen werden und wie die Referenz innerhalb des Datensatzes gefunden und ebenfalls einbezogen wird.</label>
      <label index="export.alttitle">Datensätze aus TYPO3 exportieren</label>
      <label index="export.description">Um TYPO3-T3D/XML-Dateien zu exportieren, klicken Sie auf ein Datensatz-Symbol im Seitenbaum (inkl. der Root-Seite!), wählen Sie "Mehr Optionen" (erfordert die Installation der Erweiterung "extra_page_cm_options") und dann "Nach .t3d exportieren". Das Export-Interface wird aufgerufen, wo Sie die Optionen für das Exportieren einstellen können.</label>
      <label index="export.details">Daten können aus TYPO3 auf verschiedene Art und Weise exportiert werden: - Exportieren einer einzelnen Seite oder eines Zweiges des Seitenbaums (über das Kontextmenü des Seiten-Symbols) - Exportieren eines einzelnen Datensatzes aus einer beliebigen Seite (über das Kontextmenü des Datensatz-Symbols) - Exportieren aller Datensätze einer bestimmten Tabelle einer bestimmten Seite (über das Modul Web &gt; Liste) - Exportieren einer frei wählbaren Auswahl von Datensätzen aus der Zwischenablage (über das Modul Web &gt; Liste) Das Export-Format beachtet alle TYPO3-Methoden für Beziehungen zwischen den Datensätzen in der Export-Datei. Sie müssen jedoch festlegen, wie diese Beziehungen beibehalten werden, zumindest bis zu einem gewissen Grad. Manchmal sollen Datensätze, auf die verwiesen wird, in den Export eingeschlossen werden, in anderen Fällen soll möglicherweise die originale Verknüpfung beibehalten werden. Das hängt vom Zweck des Exports ab. Unabhängig von den Export-Einstellungen werden alle ausgewählten Datensätze und ihre internen Beziehungen in der Vorschau-Anzeige am Fuß der Seite des Export-Moduls wiedergegeben. &lt;b&gt;Fehlermeldungen:&lt;/b&gt; Kontrollieren Sie vor dem Exportieren unter dem Reiter "Meldungen" ob sich dort eventuell Fehlermeldungen befinden!</label>
      <label index="_export.seeAlso">xMOD_tx_impexp:import</label>
      <label index="_export.image">EXT:impexp/cshimages/export.png, EXT:impexp/cshimages/export1.png, EXT:impexp/cshimages/export2.png</label>
      <label index="export.image_descr">Um eine Seite oder einen Datensatz zu exportieren, klicken Sie einfach auf das Symbol und wählen Sie "Exportieren" aus dem Kontextmenü. Mit dem Modul Web &gt; Liste können Sie auch alle Datensätze einer Tabelle exportieren, indem Sie zuerst auf den Tabellentitel klicken, um nur diese Tabelle zu sehen. Neben dem CSV-Export finden Sie die Schaltfläche für einen T3D-Export der Tabelle. Sie können auch den Inhalt der Zwischenablage exportieren, indem sie einfach "Exportieren" im Menü wählen.</label>
      <label index="pageTreeCfg.alttitle">Konfiguration des Seitenbaumexports</label>
      <label index="pageTreeCfg.description">Hier können Sie einstellen, wie eine Seite oder ein Zweig des Seitenbaums exportiert werden soll. Mit dem Auswahlfeld legen Sie fest, wieviele Unterseitenebenen in den Export eingeschlossen werden sollen.</label>
      <label index="_pageTreeCfg.image">EXT:impexp/cshimages/pagetreecfg.png</label>
      <label index="pageTreeDisplay.alttitle">Seitenbaum</label>
      <label index="pageTreeDisplay.description">Ausgehend von den ausgewählten Ebenen für den Seitenbaum zeigt dies die Struktur, die zum Export ansteht. Falls Seiten ausdrücklich durch die "Ausschließen-Option" ausgeschlossen wurden, werden sie nicht angezeigt.</label>
      <label index="pageTreeMode.alttitle">Ebenen</label>
      <label index="pageTreeMode.description">Hier wählen Sie die Ebenentiefe für diesen Export aus, bezogen auf den aktuellen Ausgangspunkt.</label>
      <label index="pageTreeMode.details">Wenn Sie "Erweiterter Baum" auswählen, wird der Export auf Basis der aktuell erweiterten Ebenen erfolgen. Eine weitere Spezial-Option ist "Tabellen auf dieser Seite", die nicht den Seiten-Datensatz selbst, sondern nur die Tabellen der Seite exportiert, natürlich abhängig von der Tabellen-Konfiguration.</label>
      <label index="_pageTreeMode.image">EXT:impexp/cshimages/impexp_misc.png</label>
      <label index="pageTreeRecordLimit.alttitle">Einzuschließende Tabellen</label>
      <label index="pageTreeRecordLimit.description">Beim Export einer Seite werden standardmäßig alle Datensätze der Seite eingeschlossen. Mit diesem Selektor können Sie die einzuschließenden Tabellen auswählen, falls sie einzelne Datensätze nicht einschließen wollen.</label>
      <label index="pageTreeRecordLimit.details">In der Box "Höchstwert für Datensätze" können Sie einen Grenzwert dafür setzen, wie viele Datensätze maximal aus einer einzelnen Tabelle ausgewählt werden. Dies ist eine "Notbremse", falls sich ungewöhnlich viele Datensätze in der Tabelle befinden.</label>
      <label index="singleRecord.alttitle">Einzelnen Datensatz exportieren</label>
      <label index="singleRecord.description">Dieser Überblick zeigt, welche unabhängigen Datensätze unabhängig von einander für den Export ausgewählt wurden.</label>
      <label index="_singleRecord.image">EXT:impexp/cshimages/singlerecord.png, EXT:impexp/cshimages/export2.png</label>
      <label index="singleRecord.image_descr">Um mehrere Datensätze wie diesen zu exportieren, bitte die Zwischenablage, wie weiter unten gezeigt, benutzen.</label>
      <label index="tableList.alttitle">Tabellenexport</label>
      <label index="tableList.description">Export aller Datensätze einer Seite aus einer bestimmten Tabelle. Wird vom Modul "Web &gt; Liste" konfiguriert; dort wählen Sie "Nur Tabellenansicht" und klicken oben auf eine Schaltfläche.</label>
      <label index="tableList.details">Tipp: Sie können mehrere Tabellen-Listen auswählen, indem sie jede Auswahl als Voreinstellung speichern und dann die Auswahlen laden/zusammenführen.</label>
      <label index="_tableList.image">EXT:impexp/cshimages/tablelist.png, EXT:impexp/cshimages/export1.png</label>
      <label index="tableList.image_descr">Hier werden zwei Tabellen von verschiedenen Seiten ausgewählt. Dies geschieht, indem man zunächst die erste Tabelle auswählt und als Voreinstellung speichert, dann die nächste auswählt und sie mit den gespeicherten Voreinstellungen zusammenführt. Hier sehen Sie, wie man das Modul Web &gt; Liste benutzt, um alle Datensätze einer Tabelle aus einer Seite zu exportieren.</label>
      <label index="tableListMaxNumber.alttitle">Maximale Export-Anzahl</label>
      <label index="tableListMaxNumber.description">"Notbremse", die sicherstellt, dass das Interface nicht von einer großen Anzahl Datensätze blockiert wird. Standard ist 100, aber Sie können den Wert natürlich beliebig ändern.</label>
      <label index="inclRelations.alttitle">Verknüpfungen einbeziehen</label>
      <label index="inclRelations.description">Konfigurieren Sie die Tabellen, aus denen Sie Datensätze, die als Beziehungen in der Haupt-Export-Konfiguration gefunden werden, einbeziehen wollen.</label>
      <label index="inclRelations.details">Hintergrund: Wenn Sie einen Datensatz in TYPO3 exportieren, kann er Beziehungen zu anderen Datensätzen des Systems enthalten. Sie müssen dem Export-Interface mitteilen, was mit diesen Beziehungen geschehen soll. Grundsätzlich gibt es drei Szenarios: - Wenn Beziehungen zwischen Datensätzen gefunden werden, die alle in der Export-Konfiguration enthalten sind, gibt es kein Problem: Die Beziehungen werden beim Importieren automatisch auf die neuen IDs dieser Datensätze umgestellt. - Wenn die Datensätze, auf die Beziehungen verweisen, nicht enthalten sind, geht die Beziehung verloren (angezeigt durch eine Fehlermeldung in der Vorschau), außer a) Sie wählen eine Tabelle im Auswahlfeld. In diesem Fall werden alle Beziehungen zu dieser Tabelle einbezogen oder b) Sie bestimmen die Tabelle als "Statische Tabelle" (in diesem Fall wird die Beziehung unverändert importiert - was natürlich zu Fehlern führt, wenn kein Datensatz mit der entsprechenden UID im System gefunden wird) &lt;b&gt;Soft-References ("Weiche Beziehungen"):&lt;/b&gt; Man spricht von "Soft-References", wenn ein Datensatz Zeiger auf externe Dateien oder Datensätze enthält, aber in Feldern, für die keine formale Beziehung konfiguriert ist, z.B. wenn ein Content-Element ein "&amp;lt;link 123&amp;gt;" Tag enthält, das für einen Link zur Seite 123 steht. Das wird formal nicht als Beziehung aufgenommen, wird aber als "Soft-Reference" gefunden. Das gleiche gilt für &amp;lt;img&amp;gt;-Tags mit Bildern aus z.B. "fileadmin/". Standardmäßig verhalten sich Soft-References, die auf Datensätze oder Dateien verweisen, wie normale Beziehungen; entweder die verknüpften Objekte sind enthalten oder es wird eine Fehlermeldung angezeigt. Allerdings kann man auch die Behandlung von Soft-References auch abschalten oder die Werte als "veränderbar" beim Import definieren. Das geschieht mit einem Auswahlfeld in der Export-Vorschau.</label>
      <label index="_inclRelations.image">EXT:impexp/cshimages/references.png, EXT:impexp/cshimages/references1.png, EXT:impexp/cshimages/references2.png</label>
      <label index="inclRelations.image_descr">Dieses Beispiel zeigt drei Beispiele für Beziehungen: a) ein Bild, das mit einem Inhaltselement verknüpft ist, b) eine Beziehung zu einer Frontend-Benutzergruppe UID und c) eine Soft-Reference, die im Bodytext-Feld eines Datensatzes gefunden wurde, in diesem Fall ein Link-Tag, das auf die Seite mit der UID 1 verweist. Beachten Sie im vorangegangenen Bild, wie die Beziehung zu der Frontend-Benutzergruppe verloren ging. Das wurde in diesem Bildschirmfoto korrigiert, indem in der Liste der einzubindenen Tabellen die Tabelle fe_group ausgewählt wurde. Das Ergebnis ist, dass die Front-End-Benutzergruppe als ein Datensatz außerhalb des exportierten Seitenbaums einbezogen wurde. Falls Sie die Beziehung behalten, aber nicht die Benutzergruppe einschließen wollen, müssen Sie "fe_groups" stattdessen als statische Tabelle definieren (siehe unten). Dieses Beispiel zeigt einen TypoScript-Vorlagendatensatz, bei dem mehrere Soft-References gefunden wurden. Die erste ist eine E-Mail-Adresse. Hier ist sie als editierbar ausgewählt. Das bedeutet, dass der Benutzer beim Importieren die Möglichkeit hat, diesen Wert zu ändern, bevor der eigentliche Import ausgeführt wird. Das ist sehr sinnvoll, wenn exportierte Dateien als Vorlagen benutzt werden. Ein anderes Beispiel bindet ein PHP-Script ein, das wir nicht in den Export einbeziehen möchten - darum haben wir die Option Ausschließen für diese Soft-Reference ausgewählt.</label>
      <label index="staticRelations.alttitle">Statische Tabellen festlegen</label>
      <label index="staticRelations.description">Legen Sie fest, für welche Tabellen (zusätzlich zu den statischen TYPO3-Tabellen) die Beziehungen nicht verändert werden dürfen. Diese Einstellungen haben Vorrang vor den unter "Verknüpfungen einbeziehen" getroffenen Einstellungen.</label>
      <label index="staticRelations.details">Standardmäßig werden unter TYPO3 alle Verknüpfungen zu statischen Tabellen nicht berührt. Damit dies funktioniert, sollten diese statischen Tabellen natürlich im Import-System vorhanden sein. Es mag jedoch beim Informationstransfer zwischen zwei Systemen Umstände geben, unter denen Verknüpfungen bei nicht-statische Tabellen unberührt bleiben sollten. Beispiele dafür könnten "sys_languages" oder TemplaVoilà-Datenstrukturen und -Vorlagenobjekte sein, wobei beide Systeme die gleichen Datensätze in Tabellen enthalten, man Seiten und Inhaltselemente jedoch nach freier Auswahl importieren möchte.</label>
      <label index="_staticRelations.image">EXT:impexp/cshimages/static.png, EXT:impexp/cshimages/static1.png</label>
      <label index="staticRelations.image_descr">In diesem Beispiel kann man sehen, dass eine Reihe von Datensätzen auf einen Systemsprachendatensatz zeigt. Diese Verknüpfung wird beim Importieren verloren gehen, da der Datensatz nicht Teil des Exports ist. Im Zielsystem sind jedoch exakt die gleichen Tabellen vorhanden, und daher ist eine statische Abbildung der Verknüpfungen gewünscht. Diese statische Abbildung erreicht man durch Auswahl der Tabelle "sys_language" als statische Vorlage, d.h. das die Verknüpfungen die derzeitigen Werte behalten, da angenommen werden kann, dass sie auf dem Zielsystem beim Importieren genau übereinstimmen.</label>
      <label index="excludedElements.alttitle">Ausgeschlossene Elemente</label>
      <label index="excludedElements.description">Über das Markierungsfeld "Ausschließen" lassen sich bestimmte Datensätze in der Vorschau des Exports ausschließen. Hier wird angezeigt, welche Datensätze für einen bestimmten Ausschluss ausgewählt wurden. Darüber hinaus kann die Ausschlusskonfiguration zurückgesetzt werden.</label>
      <label index="_excludedElements.image">EXT:impexp/cshimages/excludebox.png</label>
      <label index="htmlCssResources.alttitle">Ressourcen aus HTML- und CSS-Dateien ausschließen</label>
      <label index="htmlCssResources.description">Werden HTML- oder CSS-Dateien als Soft-References gefunden, so werden die Dateien auf Verweise auf externe Medien (wie etwa Bilder) untersucht und diese ggf. ebenfalls exportiert. Aktivieren Sie diese Option, wenn dieses Verhalten nicht gewünscht ist.</label>
      <label index="htmlCssResources.details">Hinweis: In HTML- und CSS-Dateien gefundene Ressourcen werden nicht weiter analysiert. D.h. beispielsweise, dass CSS-Dateien, auf die in HTML verwiesen wird, nicht untersucht werden - CSS-Dateien, auf die innehalb der Felder Konstanten und Konfiguration einer TypoScript-Vorlage verwiesen wird, jedoch sehr wohl.</label>
      <label index="_htmlCssResources.image">EXT:impexp/cshimages/htmlcss.png</label>
      <label index="htmlCssResources.image_descr">Dieses Beispiel zeigt, wie eine Soft-Reference gefunden wurde, die auf eine HTML-Datei im Verzeichnis fileadmin/ verweist. Da es sich um eine HTML-Datei handelt, wurde sie verarbeitet, wodurch eine Reihe weiterer Dateien gefunden wurden, auf diese verwiesen wurde und die nun im Export mit eingeschlossen werden. Diese Funktion wurde extra zur Unterstützung von Szenarien mit Vorlagenkonfigurationen entwickelt, bei denen externe HTML-Dateien eine Rolle spielen.</label>
      <label index="extensionDependencies.alttitle">Abhängigkeiten von Erweiterungen</label>
      <label index="extensionDependencies.description">Wählen Sie, welche Erweiterungen im Zielsystem installiert sein müssen, damit der exportierte Inhalt ordnungsgemäß funktioniert. Beispiele wären etwa "templavoila" für die Vorlagenverarbeitung, "css_styled_content" für die Vorlagen, "tt_news" für ein News-Archiv usw.</label>
      <label index="extensionDependencies.details">Beim Import wird für jede Erweiterung dieser Liste, die nicht installiert ist, eine Warnung angezeigt.</label>
      <label index="_extensionDependencies.image">EXT:impexp/cshimages/extdep.png</label>
      <label index="presets.alttitle">Voreinstellungen</label>
      <label index="presets.description">Ermöglicht das Speichern von Export-Einstellungen zur späteren Wiederverwendung. Nützlich, wenn die gleiche Konfiguration regelmäßig exportiert werden muss.</label>
      <label index="presets.details">Unter "Voreinstellungen" können Sie eine Voreinstellung laden, die Sie zuvor gespeichert haben. Wenn Sie eine Seite exportieren, sind die angezeigten Voreinstellungen die, die für die ID der Startseite gelten. Für Datensätze können beliebige Voreinstellungen geladen werden. Um eine Voreinstellung zu laden, wählen Sie sie aus und klicken Sie auf "Laden". Wenn Sie stattdessen "Zusammenführen" wählen, werden die Einstellungen aus der Voreinstellung mit der aktuellen Konfiguration zusammengeführt. Das ist sinnvoll, wenn Sie mehrere einzelne Tabellen oder Datensätze auswählen. Um eine Voreinstellung zu speichern, geben Sie einfach einen Titel unter "Name der neuen Voreinstellung" ein und klicken Sie auf "Speichern". Es wird dann eine neue Voreinstellung erzeugt. Wenn Sie Speichern klicken, während Sie eine bestehende Voreinstellung ausgewählt haben, wird diese überschrieben. Um eine alte Voreinstellung zu löschen, wählen Sie sie einfach aus und klicken Sie auf "Löschen". Das Markierungsfeld "Öffentlich" kann gesetzt werden, wenn Sie Ihre Voreinstellung anderen Nutzern des Systems zugänglich machen möchten. Ansonsten ist sie nur von Ihnen persönlich nutzbar.</label>
      <label index="_presets.image">EXT:impexp/cshimages/impexp_misc1.png, EXT:impexp/cshimages/impexp_misc2.png</label>
      <label index="presets.image_descr">Die Voreinstellungsauswahl im Export-Interface. Voreinstellungen aus dem Aufgabenzentrum.</label>
      <label index="metadata.alttitle">Metadaten</label>
      <label index="metadata.description">Festlegen der Metadaten für das Exportieren. Die Nutzung wird dringend empfohlen, falls der Inhalt z.B. Teil einer Vorlagensammlung sein soll.</label>
      <label index="metadata.details">Die Metadaten helfen den Nutzern Ihrer Exportdatei zu wissen, was sich in ihr befindet und worauf sie während des Imports achten müssen. Die Felder "Titel" und "Beschreibung" sollten Basisinformationen zur Datei enthalten. Das Feld "Anmerkungen" kann für zusätzliche Details genutzt werden, vor allem für Hinweise zum Zweck der Datei und zu den Voraussetzungen bei der Installation. Das Feld "Vorschaubild" kann für Vorschaubilder genutzt werden, falls Sie diese bei Ihrem Export benötigen. Es ist sehr nützlich, wenn Exportdateien als Seiten-Template eingesetzt werden, wobei der Template-Selektor das Vorschaubild nutzen kann. Als Dateiformat sollten Sie ein Webformat wie jpg, gif oder png nutzen. Die Ausmaße sollten exakt den endgültigen Ausmaßen entsprechen; laden Sie also keine sehr großen Bilder hoch.</label>
      <label index="_metadata.image">EXT:impexp/cshimages/metadata.png</label>
      <label index="fileFormat.alttitle">Dateiformat</label>
      <label index="fileFormat.description">Sie können Ihre Datensätze in eine .T3D-Datei exportieren. Diese Datei enthält Ihre Daten in einem TYPO3-spezifischen, binären Format (in Form eines fortgesetzten PHP-Arrays). Alternativ können Sie XML als Format auswählen. Dieses kann theoretisch von anderen Programmen importiert werden, wenn sie dazu programmiert wurden. Allerdings ist das verwendete Schema TYPO3-spezifisch.</label>
      <label index="fileFormat.details">Grundsätzlich sollten Sie das T3D-Format verwenden, vorzugsweise komprimiert. Komprimiert bringt es normalerweise eine Größe, die etwa 10-mal kleiner ist als die des XML-Formats, denn dieses enthält Klartext. Mit "Größenbeschränkung für Dateien" können Sie eine maximale Größe für Dateien angeben, die den Datensätzen angefügt werden sollen. Das ist praktisch, wenn Sie große PDF-Dateien oder Videos haben, die Sie nicht (oder gerade!) hinzufügen wollen. Mit diesem Wert können Sie dann festlegen, ob sie mitexportiert werden oder nicht. Die Angabe eines Dateinamens macht es möglich, Ihren Export direkt als Datei zu speichern (klicken Sie auf "Speichern unter") anstatt ihn herunterzuladen (klicken Sie dazu auf "Exportdatei herunterladen"). Die richtige Dateiendung wird basierend auf Ihrer Wahl automatisch hinzugefügt. Die Dateien werden in eine Dateifreigabe im Ordner "fileadmin/" gespeichert. Dies wird Ihnen nach dem Speichern gezeigt. Bereits bestehende Dateien werden überschrieben.</label>
      <label index="_fileFormat.image">EXT:impexp/cshimages/fileformat.png</label>
      <label index="import.alttitle">TYPO3-Datensätze importieren</label>
      <label index="import.description">Um XML- oder T3D-Dateien in den Seitenbaum zu importieren, können Sie eine beliebige Seite im Seitenbaum anklicken (die Wurzelseite inbegriffen). Wählen Sie dann "Weitere Einstellungen..." (dazu muss die Erweiterung "extra_page_cm_options" installiert sein) und dort "Importieren aus .t3d". Darauf öffnet sich das Import-Formular, in dem sie eine Datei zum Importieren auswählen oder eine neue Datei hochladen können.</label>
      <label index="import.details">&lt;b&gt;Tipp: Import in einen SysOrdner&lt;/b&gt; Um sicherzustellen, dass während des Imports keine Datensätze verloren gehen, können Sie den Import in einen SysOrdner, den Sie erst erstellen, durchführen. Nach dem Import können Sie dann alle Datensätze an Ihre endgültigen Positionen bewegen. Ein Beispiel für ein derartiges Szenario ist, wenn Sie beim Export angegeben haben, dass Sie Relationen miteinschließen wollen. In diesem Fall kann eine Anzahl von Datensätzen dem Export außerhalb des Seitenbaums, den Sie exportierten haben, folgen. Um sicherzustellen, dass alle diese externen Datensätze in die Datenbank geschrieben werden, ist ein Import in einen SysOrdner eine gute Idee. &lt;b&gt;Fehlermeldungen:&lt;/b&gt; Denken Sie daran, vor/nach dem Importieren im Tab "Meldungen" zu prüfen, ob dort Fehlermeldungen angezeigt werden!</label>
      <label index="_import.seeAlso">xMOD_tx_impexp:export</label>
      <label index="_import.image">EXT:impexp/cshimages/import.png</label>
      <label index="importFile.alttitle">Importdatei auswählen</label>
      <label index="importFile.description">Es werden die Dateien aus den Verzeichnissen fileadmin/, fileadmin/export/ und dem evtl. vorhandenen Ordner "TEMP" angezeigt, welche die Endung T3D oder XML besitzen.</label>
      <label index="_importFile.seeAlso">xMOD_tx_impexp:fileFormat</label>
      <label index="_importFile.image">EXT:impexp/cshimages/import_selectfile.png</label>
      <label index="update.alttitle">Datensätze aktualisieren</label>
      <label index="update.description">Standardmäßig fügt der Importvorgang dem System neue Datensätze hinzu. Ist diese Option aktiviert, werden vorhandene Datensätze aktualisiert.</label>
      <label index="update.details">Sie müssen bestimmte Voraussetzungen beachten, damit das Aktualisieren funktioniert. Am Wichtigsten ist dabei, dass die aktualisierten Datensätze, &lt;i&gt;DIESELBE&lt;/i&gt; UID haben, wie die in der Exportdatei. Daher ist es nur wirklich sinnvoll zu aktualisieren, wenn das Export- und das Importsystem miteinander zusammenhängen und daher die gleichen UIDs auf beiden Seiten zu erwarten sind. Sonst entsteht großes Durcheinander! Wenn Sie Seitenstrukturen aktualisieren, wird TYPO3 beim Import automatisch versuchen, die Datensätze neu anzuordnen, so dass sie in der gleichen Hierarchie und Reihenfolge erscheinen wie in der Exportdatei. Dieses Verhalten kann deaktiviert werden, indem die Option "PID-Unterschiede global ignorieren" gewählt wird. In jedem Fall können Sie in der Vorschau für einzelne Datensätze individuell wählen, ob die PIDs beibehalten oder ignoriert werden sollen. In der Vorschauansicht können Sie auch wählen, ob einzelne Datensätze während des Imports rundweg ignoriert werden sollen oder ob sie als neue Datensätze erstellt werden sollen anstatt alte Datensätze zu aktualisieren. Um eine Aktualisierung durchzuführen, informiert Sie die Vorschauansicht über den Pfad, in dem das bestehende Element mit dieser UID gefunden wurde. Nutzen Sie diese Information um sicherzustellen, dass Sie das bekommen, was Sie erwarten! &lt;b&gt;Den UID-Wert erzwingen:&lt;/b&gt; Wenn Sie ein System aktualisieren möchten und einige Elemente des Imports nicht einer UID zuzuordnen sind (etwa weil sie nicht existiert), können Sie in der Vorschauansicht wählen, die UID während der Erstellung zu erzwingen. Das ist unorthodox, denn die UIDs werden normalerweise automatisch von der Datenbank erzeugt. Die Option ist am Nützlichsten, wenn Sie versuchen, eine Kopie eines anderen Systems zu "synchronisieren". Sie kann interne Einstellungen der Datenbank in Unordnung bringen und ist daher nur für Administratoren verfügbar.</label>
      <label index="_update.image">EXT:impexp/cshimages/impexp_misc4.png, EXT:impexp/cshimages/update.png</label>
      <label index="update.image_descr">Im Modus Aktualisieren lassen sich für jeden Datensatz verschiedene Einstellungen vornehmen. Ist ist ebenso möglich, eine diff-Ansicht anzeigen zu lassen, welche die Unterschiede der vorhandenen von den zu importierenden Datensätzen darstellt.</label>
      <label index="options.alttitle">Optionen</label>
      <label index="options.description">Legt verschiedene Optionen für den Importvorgang fest.</label>
      <label index="options.details">&lt;b&gt;Unterschiede zwischen Datensätzen nicht zeigen&lt;/b&gt; Wenn eine Struktur importiert wurde, sehen Sie eine Ansicht aller Datensätze, der Sie eventuelle Unterschiede entnehmen können. Oft &lt;i&gt;sollte&lt;/i&gt; sich der Inhalt ändern (z.B. bei Soft-References); es ist folglich kein Fehler, wenn Sie rote und grüne Werte sehen. Im Prinzip ist diese Unterschieds-Ansicht ein Feature, das Sie nutzen können, um den Erfolg des Imports visuell zu überprüfen. Denjenigen, die sie verstehen, möge sie Seelenfrieden bringen... :-) Grüne Zeichenfolgen stehen für die tatsächlich geschriebenen Daten, während rote für die Originalwerte der Importdatei stehen und schwarze unveränderte Daten darstellen. &lt;b&gt;Verbotene Dateierweiterungen dennoch erlauben (z.B. PHP-Skripte)&lt;/b&gt; Diese Option ist nur von Administratoren nutzbar. Sie erlaubt den Import von PHP-Dateien (zum Beispiel aus Soft-References aus TypoScript-Templates). Normalerweise ist dies sonst aus Sicherheitsgründen nicht erlaubt.</label>
      <label index="_options.image">EXT:impexp/cshimages/impexp_misc3.png, EXT:impexp/cshimages/phpext.png</label>
      <label index="options.image_descr">Optionen für das Importieren Hier wird mitgeteilt, dass diese PHP-Datei nicht erlaubt werden kann - weil die Option "Verbotene Dateierweiterungen dennoch erlauben (z.B. PHP-Skripte)" nicht ausgewählt wurde.</label>
      <label index="action.alttitle">Aktion</label>
      <label index="action.description">Klicken Sie auf "Vorschau", um den Inhalt der Importdatei zu sehen oder die Vorschau-Ansicht entsprechend der obigen Konfiguration zu aktualisieren. Klicken Sie "Vorschau" - "Import", wenn Sie den eigentlichen Import durchführen wollen. Stellen Sie sicher, dass Sie vor dem Import alle editierbaren Soft-References, die bei den Vorschaudaten angezeigt werden, geändert haben.</label>
      <label index="_action.image">EXT:impexp/cshimages/diffview.png</label>
      <label index="action.image_descr">Beispiel der Ergebnis-Ansicht nach dem Importieren: Wie Sie sehen können, wurden die durch den RTE eingefügten Bilder (Soft-References) unter anderen Dateinamen gespeichert. Entsprechend wurden die Links im Seiteninhalt angepasst.</label>
      <label index="enableLogging.alttitle">Protokollierung aktivieren</label>
      <label index="enableLogging.description">Falls aktiviert, werden für alle beim Import tatsächlich durchgeführten Vorgänge Einträge in das System-Backend-Protokoll geschrieben. Aus Gründen der Übersichtlichkeit ist dies standardmäßig deaktiviert.</label>
      <label index="upload.alttitle">Importdatei übertragen</label>
      <label index="upload.description">Wählen Sie hier eine Datei, die importiert werden soll, auf Ihrem lokalen Rechner zum Hochladen aus. Wird die Übertragung erfolgreich abgeschlossen, so können Sie den Inhalt sofort in der Vorschauansicht sehen.</label>
      <label index="upload.details">Beachten Sie, dass serverseitig idR. Einschränkungen bezüglich der Größe hochzuladender Dateien bei etwa 2 MB bestehen. Bei Überschreiten dieser Grenze wird der Vorgang nicht fortgesetzt.</label>
      <label index="task.title">Voreinstellungs-Titel</label>
      <label index="task.icon">Symbol</label>
      <label index="task.public">Öffentlich</label>
      <label index="task.owner">Besitzer</label>
      <label index="task.page">Seite</label>
      <label index="task.path">Pfad</label>
      <label index="task.meta">Metadaten</label>
      <label index="task.own">Selbst</label>
      <label index="notes">Anmerkungen</label>
      <label index="single-record">Einzelner Datensatz</label>
      <label index="no-presets">Keine Voreinstellungen gefunden!</label>
    </languageKey>
  </data>
</T3locallangExt>
